Workbook

Sheet Transfection (10cm)
B1: Only edit columns or cells that say "edit"
B2: General Info for Virus Production | F2: Lentiviruses
B3: Titrated PEI ratio (edit) | C3: 4 | D3: N ug PEI: 1 ug DNA | F3: psPAX2 | G3: [ng/µL] (edit) | H3: 500 | I3: <--- replace with pIK-MLVgp for retroviruses
B4: Percent extra (edit) | C4: 0 | D4: % | F4: pMD2.G | G4: [ng/µL] (edit) | H4: 500 | I4: <-- replace with pHDMG for retroviruses
B5: Transfer plasmid per plate | C5: 6 | D5: µg | F5: Percent extra (edit) | H5: 0 | I5: %
B6: Packaging plasmid per plate | C6: 6 | D6: µg
B7: Envelope plasmid per plate | C7: 12 | D7: µg | F7: =F3 -> psPAX2 | G7: per plate [µL] | H7: =C6*1000/H3*(1+$H$5/100) -> 12
B8: KO DMEM/plate | C8: 1.33 | D8: mL | F8: =F4 -> pMD2.G | G8: per plate [µL] | H8: =C7*1000/H4*(1+$H$5/100) -> 24
B9: (1 mg/mL PEI)/plate | C9: =C3*(C5+C6+C7) -> 96 | D9: µL
B10: KO DMEM + PEI /plate | C10: =C8+C9/1000 -> 1.426 | D10: mL
B13: DNA Calculations | F13: For all plates (includes extra)
B14: Transfer Plasmid Name (edit) | C14: Conc (edit) [ng/µL] | D14: Number of Plates (edit) | E14: Volume transfer plasmid DNA per plate [µL] | F14: KO DMEM needed [mL] | G14: PEI needed [µL] | H14: KO DMEM + PEI needed [mL] | I14: Packaging Needed [uL] | J14: Envelope Needed [uL] | K14: Transfer Plasmid DNA needed [uL] | L14: Volume total mix to add per plate [mL]
E15: =$C$5/C15*1000 -> #DIV/0! | F15: =$C$8*(1+$C$4/100)*D15 -> 0 | G15: =$C$9*(1+$C$4/100)*D15 -> 0 | H15: =F15+G15/1000 -> 0 | I15: =D15*$H$7*(1+$C$4/100) -> 0 | J15: =D15*$H$8*(1+$C$4/100) -> 0 | K15: =E15*(1+$C$4/100)*D15 -> #DIV/0! | L15: =IF(D15=0,0,E15+$C$10*1000+$H$7+$H$8)/1000 -> 0 | N15: Total Plates | O15: =D35 -> 0
E16: =$C$5/C16*1000 -> #DIV/0! | F16: =$C$8*(1+$C$4/100)*D16 -> 0 | G16: =$C$9*(1+$C$4/100)*D16 -> 0 | H16: =F16+G16/1000 -> 0 | I16: =D16*$H$7*(1+$C$4/100) -> 0 | J16: =D16*$H$8*(1+$C$4/100) -> 0 | K16: =E16*(1+$C$4/100)*D16 -> #DIV/0! | L16: =IF(D16=0,0,E16+$C$10*1000+$H$7+$H$8)/1000 -> 0 | N16: Total KO DMEM [mL]: | O16: =F35*(1+10/100) -> 0 | P16: (includes extra for MM)
E17: =$C$5/C17*1000 -> #DIV/0! | F17: =$C$8*(1+$C$4/100)*D17 -> 0 | G17: =$C$9*(1+$C$4/100)*D17 -> 0 | H17: =F17+G17/1000 -> 0 | I17: =D17*$H$7*(1+$C$4/100) -> 0 | J17: =D17*$H$8*(1+$C$4/100) -> 0 | K17: =E17*(1+$C$4/100)*D17 -> #DIV/0! | L17: =IF(D17=0,0,E17+$C$10*1000+$H$7+$H$8)/1000 -> 0 | N17: Total PEI [µL]: | O17: =G35*(1+10/100) -> 0
E18: =$C$5/C18*1000 -> #DIV/0! | F18: =$C$8*(1+$C$4/100)*D18 -> 0 | G18: =$C$9*(1+$C$4/100)*D18 -> 0 | H18: =F18+G18/1000 -> 0 | I18: =D18*$H$7*(1+$C$4/100) -> 0 | J18: =D18*$H$8*(1+$C$4/100) -> 0 | K18: =E18*(1+$C$4/100)*D18 -> #DIV/0! | L18: =IF(D18=0,0,E18+$C$10*1000+$H$7+$H$8)/1000 -> 0 | N18: Total psPAX2 [µL]: | O18: =I35 -> 0
E19: =$C$5/C19*1000 -> #DIV/0! | F19: =$C$8*(1+$C$4/100)*D19 -> 0 | G19: =$C$9*(1+$C$4/100)*D19 -> 0 | H19: =F19+G19/1000 -> 0 | I19: =D19*$H$7*(1+$C$4/100) -> 0 | J19: =D19*$H$8*(1+$C$4/100) -> 0 | K19: =E19*(1+$C$4/100)*D19 -> #DIV/0! | L19: =IF(D19=0,0,E19+$C$10*1000+$H$7+$H$8)/1000 -> 0 | N19: Total VSVG [µL]: | O19: =J35 -> 0
E20: =$C$5/C20*1000 -> #DIV/0! | F20: =$C$8*(1+$C$4/100)*D20 -> 0 | G20: =$C$9*(1+$C$4/100)*D20 -> 0 | H20: =F20+G20/1000 -> 0 | I20: =D20*$H$7*(1+$C$4/100) -> 0 | J20: =D20*$H$8*(1+$C$4/100) -> 0 | K20: =E20*(1+$C$4/100)*D20 -> #DIV/0! | L20: =IF(D20=0,0,E20+$C$10*1000+$H$7+$H$8)/1000 -> 0
E21: =$C$5/C21*1000 -> #DIV/0! | F21: =$C$8*(1+$C$4/100)*D21 -> 0 | G21: =$C$9*(1+$C$4/100)*D21 -> 0 | H21: =F21+G21/1000 -> 0 | I21: =D21*$H$7*(1+$C$4/100) -> 0 | J21: =D21*$H$8*(1+$C$4/100) -> 0 | K21: =E21*(1+$C$4/100)*D21 -> #DIV/0! | L21: =IF(D21=0,0,E21+$C$10*1000+$H$7+$H$8)/1000 -> 0
E22: =$C$5/C22*1000 -> #DIV/0! | F22: =$C$8*(1+$C$4/100)*D22 -> 0 | G22: =$C$9*(1+$C$4/100)*D22 -> 0 | H22: =F22+G22/1000 -> 0 | I22: =D22*$H$7*(1+$C$4/100) -> 0 | J22: =D22*$H$8*(1+$C$4/100) -> 0 | K22: =E22*(1+$C$4/100)*D22 -> #DIV/0! | L22: =IF(D22=0,0,E22+$C$10*1000+$H$7+$H$8)/1000 -> 0
E23: =$C$5/C23*1000 -> #DIV/0! | F23: =$C$8*(1+$C$4/100)*D23 -> 0 | G23: =$C$9*(1+$C$4/100)*D23 -> 0 | H23: =F23+G23/1000 -> 0 | I23: =D23*$H$7*(1+$C$4/100) -> 0 | J23: =D23*$H$8*(1+$C$4/100) -> 0 | K23: =E23*(1+$C$4/100)*D23 -> #DIV/0! | L23: =IF(D23=0,0,E23+$C$10*1000+$H$7+$H$8)/1000 -> 0
E24: =$C$5/C24*1000 -> #DIV/0! | F24: =$C$8*(1+$C$4/100)*D24 -> 0 | G24: =$C$9*(1+$C$4/100)*D24 -> 0 | H24: =F24+G24/1000 -> 0 | I24: =D24*$H$7*(1+$C$4/100) -> 0 | J24: =D24*$H$8*(1+$C$4/100) -> 0 | K24: =E24*(1+$C$4/100)*D24 -> #DIV/0! | L24: =IF(D24=0,0,E24+$C$10*1000+$H$7+$H$8)/1000 -> 0
E25: =$C$5/C25*1000 -> #DIV/0! | F25: =$C$8*(1+$C$4/100)*D25 -> 0 | G25: =$C$9*(1+$C$4/100)*D25 -> 0 | H25: =F25+G25/1000 -> 0 | I25: =D25*$H$7*(1+$C$4/100) -> 0 | J25: =D25*$H$8*(1+$C$4/100) -> 0 | K25: =E25*(1+$C$4/100)*D25 -> #DIV/0! | L25: =IF(D25=0,0,E25+$C$10*1000+$H$7+$H$8)/1000 -> 0
E26: =$C$5/C26*1000 -> #DIV/0! | F26: =$C$8*(1+$C$4/100)*D26 -> 0 | G26: =$C$9*(1+$C$4/100)*D26 -> 0 | H26: =F26+G26/1000 -> 0 | I26: =D26*$H$7*(1+$C$4/100) -> 0 | J26: =D26*$H$8*(1+$C$4/100) -> 0 | K26: =E26*(1+$C$4/100)*D26 -> #DIV/0! | L26: =IF(D26=0,0,E26+$C$10*1000+$H$7+$H$8)/1000 -> 0
E27: =$C$5/C27*1000 -> #DIV/0! | F27: =$C$8*(1+$C$4/100)*D27 -> 0 | G27: =$C$9*(1+$C$4/100)*D27 -> 0 | H27: =F27+G27/1000 -> 0 | I27: =D27*$H$7*(1+$C$4/100) -> 0 | J27: =D27*$H$8*(1+$C$4/100) -> 0 | K27: =E27*(1+$C$4/100)*D27 -> #DIV/0! | L27: =IF(D27=0,0,E27+$C$10*1000+$H$7+$H$8)/1000 -> 0
E28: =$C$5/C28*1000 -> #DIV/0! | F28: =$C$8*(1+$C$4/100)*D28 -> 0 | G28: =$C$9*(1+$C$4/100)*D28 -> 0 | H28: =F28+G28/1000 -> 0 | I28: =D28*$H$7*(1+$C$4/100) -> 0 | J28: =D28*$H$8*(1+$C$4/100) -> 0 | K28: =E28*(1+$C$4/100)*D28 -> #DIV/0! | L28: =IF(D28=0,0,E28+$C$10*1000+$H$7+$H$8)/1000 -> 0
E29: =$C$5/C29*1000 -> #DIV/0! | F29: =$C$8*(1+$C$4/100)*D29 -> 0 | G29: =$C$9*(1+$C$4/100)*D29 -> 0 | H29: =F29+G29/1000 -> 0 | I29: =D29*$H$7*(1+$C$4/100) -> 0 | J29: =D29*$H$8*(1+$C$4/100) -> 0 | K29: =E29*(1+$C$4/100)*D29 -> #DIV/0! | L29: =IF(D29=0,0,E29+$C$10*1000+$H$7+$H$8)/1000 -> 0
E30: =$C$5/C30*1000 -> #DIV/0! | F30: =$C$8*(1+$C$4/100)*D30 -> 0 | G30: =$C$9*(1+$C$4/100)*D30 -> 0 | H30: =F30+G30/1000 -> 0 | I30: =D30*$H$7*(1+$C$4/100) -> 0 | J30: =D30*$H$8*(1+$C$4/100) -> 0 | K30: =E30*(1+$C$4/100)*D30 -> #DIV/0! | L30: =IF(D30=0,0,E30+$C$10*1000+$H$7+$H$8)/1000 -> 0
E31: =$C$5/C31*1000 -> #DIV/0! | F31: =$C$8*(1+$C$4/100)*D31 -> 0 | G31: =$C$9*(1+$C$4/100)*D31 -> 0 | H31: =F31+G31/1000 -> 0 | I31: =D31*$H$7*(1+$C$4/100) -> 0 | J31: =D31*$H$8*(1+$C$4/100) -> 0 | K31: =E31*(1+$C$4/100)*D31 -> #DIV/0! | L31: =IF(D31=0,0,E31+$C$10*1000+$H$7+$H$8)/1000 -> 0
... E34: =$C$5/C34*1000 -> #DIV/0! | F34: =$C$8*(1+$C$4/100)*D34 -> 0 | G34: =$C$9*(1+$C$4/100)*D34 -> 0 | H34: =F34+G34/1000 -> 0 | I34: =D34*$H$7*(1+$C$4/100) -> 0 | J34: =D34*$H$8*(1+$C$4/100) -> 0 | K34: =E34*(1+$C$4/100)*D34 -> #DIV/0! | L34: =IF(D34=0,0,E34+$C$10*1000+$H$7+$H$8)/1000 -> 0
B35: Total | D35: =SUM(D15:D34) -> 0 | F35: =SUM(F15:F34) -> 0 | G35: =SUM(G15:G34) -> 0 | H35: =SUM(H15:H34) -> 0 | I35: =SUM(I15:I34) -> 0 | J35: =SUM(J15:J34) -> 0

Sheet Summary (10cm)
B2: Lentivirus production: Transfection template
B4: KO DMEM + PEI Master Mix | E4: Total Packaging and Envelope
B5: Total MM | C5: =C6+C7/1000 -> 0 | D5: mL | F5: Conc (ng/uL) | G5: Total req'd (uL)
B6: KO DMEM | C6: ='Transfection (10cm)'!O16 -> 0 | D6: mL | E6: ='Transfection (10cm)'!F3 -> psPAX2 | F6: ='Transfection (10cm)'!H3 -> 500 | G6: ='Transfection (10cm)'!O18 -> 0
B7: PEI | C7: ='Transfection (10cm)'!O17 -> 0 | D7: uL | E7: ='Transfection (10cm)'!F4 -> pMD2.G | F7: ='Transfection (10cm)'!H4 -> 500 | G7: ='Transfection (10cm)'!O19 -> 0
B9: Conditions
B10: Name | C10: Num Plates | D10: Conc (ng/uL) | E10: Transfer (uL) | F10: Pack.+Env. (uL) | G10: MM (mL) | H10: Per Plate (mL)
A11: 1 | B11: ='Transfection (10cm)'!B15 -> 0 | C11: ='Transfection (10cm)'!D15 -> 0 | D11: ='Transfection (10cm)'!C15 -> 0 | E11: ='Transfection (10cm)'!K15 -> #DIV/0! | F11: =SUM('Transfection (10cm)'!I15:J15) -> 0 | G11: ='Transfection (10cm)'!H15 -> 0 | H11: ='Transfection (10cm)'!L15 -> 0
A12: 2 | B12: ='Transfection (10cm)'!B16 -> 0 | C12: ='Transfection (10cm)'!D16 -> 0 | D12: ='Transfection (10cm)'!C16 -> 0 | E12: ='Transfection (10cm)'!K16 -> #DIV/0! | F12: =SUM('Transfection (10cm)'!I16:J16) -> 0 | G12: ='Transfection (10cm)'!H16 -> 0 | H12: ='Transfection (10cm)'!L16 -> 0
A13: 3 | B13: ='Transfection (10cm)'!B17 -> 0 | C13: ='Transfection (10cm)'!D17 -> 0 | D13: ='Transfection (10cm)'!C17 -> 0 | E13: ='Transfection (10cm)'!K17 -> #DIV/0! | F13: =SUM('Transfection (10cm)'!I17:J17) -> 0 | G13: ='Transfection (10cm)'!H17 -> 0 | H13: ='Transfection (10cm)'!L17 -> 0
A14: 4 | B14: ='Transfection (10cm)'!B18 -> 0 | C14: ='Transfection (10cm)'!D18 -> 0 | D14: ='Transfection (10cm)'!C18 -> 0 | E14: ='Transfection (10cm)'!K18 -> #DIV/0! | F14: =SUM('Transfection (10cm)'!I18:J18) -> 0 | G14: ='Transfection (10cm)'!H18 -> 0 | H14: ='Transfection (10cm)'!L18 -> 0
A15: 5 | B15: ='Transfection (10cm)'!B19 -> 0 | C15: ='Transfection (10cm)'!D19 -> 0 | D15: ='Transfection (10cm)'!C19 -> 0 | E15: ='Transfection (10cm)'!K19 -> #DIV/0! | F15: =SUM('Transfection (10cm)'!I19:J19) -> 0 | G15: ='Transfection (10cm)'!H19 -> 0 | H15: ='Transfection (10cm)'!L19 -> 0
A16: 6 | B16: ='Transfection (10cm)'!B20 -> 0 | C16: ='Transfection (10cm)'!D20 -> 0 | D16: ='Transfection (10cm)'!C20 -> 0 | E16: ='Transfection (10cm)'!K20 -> #DIV/0! | F16: =SUM('Transfection (10cm)'!I20:J20) -> 0 | G16: ='Transfection (10cm)'!H20 -> 0 | H16: ='Transfection (10cm)'!L20 -> 0
A17: 7 | B17: ='Transfection (10cm)'!B21 -> 0 | C17: ='Transfection (10cm)'!D21 -> 0 | D17: ='Transfection (10cm)'!C21 -> 0 | E17: ='Transfection (10cm)'!K21 -> #DIV/0! | F17: =SUM('Transfection (10cm)'!I21:J21) -> 0 | G17: ='Transfection (10cm)'!H21 -> 0 | H17: ='Transfection (10cm)'!L21 -> 0
A18: 8 | B18: ='Transfection (10cm)'!B22 -> 0 | C18: ='Transfection (10cm)'!D22 -> 0 | D18: ='Transfection (10cm)'!C22 -> 0 | E18: ='Transfection (10cm)'!K22 -> #DIV/0! | F18: =SUM('Transfection (10cm)'!I22:J22) -> 0 | G18: ='Transfection (10cm)'!H22 -> 0 | H18: ='Transfection (10cm)'!L22 -> 0
A19: 9 | B19: ='Transfection (10cm)'!B23 -> 0 | C19: ='Transfection (10cm)'!D23 -> 0 | D19: ='Transfection (10cm)'!C23 -> 0 | E19: ='Transfection (10cm)'!K23 -> #DIV/0! | F19: =SUM('Transfection (10cm)'!I23:J23) -> 0 | G19: ='Transfection (10cm)'!H23 -> 0 | H19: ='Transfection (10cm)'!L23 -> 0
A20: 10 | B20: ='Transfection (10cm)'!B24 -> 0 | C20: ='Transfection (10cm)'!D24 -> 0 | D20: ='Transfection (10cm)'!C24 -> 0 | E20: ='Transfection (10cm)'!K24 -> #DIV/0! | F20: =SUM('Transfection (10cm)'!I24:J24) -> 0 | G20: ='Transfection (10cm)'!H24 -> 0 | H20: ='Transfection (10cm)'!L24 -> 0
A21: 11 | B21: ='Transfection (10cm)'!B25 -> 0 | C21: ='Transfection (10cm)'!D25 -> 0 | D21: ='Transfection (10cm)'!C25 -> 0 | E21: ='Transfection (10cm)'!K25 -> #DIV/0! | F21: =SUM('Transfection (10cm)'!I25:J25) -> 0 | G21: ='Transfection (10cm)'!H25 -> 0 | H21: ='Transfection (10cm)'!L25 -> 0
A22: 12 | B22: ='Transfection (10cm)'!B26 -> 0 | C22: ='Transfection (10cm)'!D26 -> 0 | D22: ='Transfection (10cm)'!C26 -> 0 | E22: ='Transfection (10cm)'!K26 -> #DIV/0! | F22: =SUM('Transfection (10cm)'!I26:J26) -> 0 | G22: ='Transfection (10cm)'!H26 -> 0 | H22: ='Transfection (10cm)'!L26 -> 0
... A30: 20 | B30: ='Transfection (10cm)'!B34 -> 0 | C30: ='Transfection (10cm)'!D34 -> 0 | D30: ='Transfection (10cm)'!C34 -> 0 | E30: ='Transfection (10cm)'!K34 -> #DIV/0! | F30: =SUM('Transfection (10cm)'!I34:J34) -> 0 | G30: ='Transfection (10cm)'!H34 -> 0 | H30: ='Transfection (10cm)'!L34 -> 0
